0	0	0
0.125	0	0.124675
0.25	0	0.247404
0.375	0	0.366273
0.5	0	0.479426
0.625	0	0.585097
0.75	0	0.681639
0.875	0	0.767544
1	0	0.841471
1.125	0	0.902268
1.25	0	0.948985
1.375	0	0.980893
1.5	0	0.997495
1.625	0	0.998531
1.75	0	0.983986
1.875	0	0.954086
2	0	0.909297
2.125	0	0.85032
2.25	0	0.778073
2.375	0	0.693685
2.5	0	0.598472
2.625	0	0.49392
2.75	0	0.381661
2.875	0	0.263446
3	0	0.14112
3.125	0	0.0165919
3.25	0	-0.108195
3.375	0	-0.231294
3.5	0	-0.350783
3.625	0	-0.464799
3.75	0	-0.571561
3.875	0	-0.669405
4	0	-0.756802
4.125	0	-0.832391
4.25	0	-0.894989
4.375	0	-0.943622
4.5	0	-0.97753
4.625	0	-0.996184
4.75	0	-0.999293
4.875	0	-0.986808
5	0	-0.958924
0	0.125	0.124675
0.125	0.125	0.247439
0.25	0.125	0.366338
0.375	0.125	0.479516
0.5	0.125	0.585208
0.625	0.125	0.681765
0.75	0.125	0.76768
0.875	0.125	0.841614
1	0.125	0.902412
1.125	0.125	0.949126
1.25	0.125	0.981028
1.375	0.125	0.99762
1.5	0.125	0.998642
1.625	0.125	0.98408
1.75	0.125	0.95416
1.875	0.125	0.90935
2	0.125	0.850349
2.125	0.125	0.778078
2.25	0.125	0.693664
2.375	0.125	0.598424
2.5	0.125	0.493846
2.625	0.125	0.381561
2.75	0.125	0.263321
2.875	0.125	0.140972
3	0.125	0.0164222
3.125	0.125	-0.108384
3.25	0.125	-0.2315
3.375	0.125	-0.351004
3.5	0.125	-0.46503
3.625	0.125	-0.5718
3.75	0.125	-0.669648
3.875	0.125	-0.757046
4	0.125	-0.83263
4.125	0.125	-0.895221
4.25	0.125	-0.943841
4.375	0.125	-0.977732
4.5	0.125	-0.996363
4.625	0.125	-0.999443
4.75	0.125	-0.986922
4.875	0.125	-0.95899
5	0.125	-0.916077
0	0.25	0.247404
0.125	0.25	0.366338
0.25	0.25	0.479547
0.375	0.25	0.585264
0.5	0.25	0.681842
0.625	0.25	0.767773
0.75	0.25	0.841718
0.875	0.25	0.902524
1	0.25	0.949241
1.125	0.25	0.981142
1.25	0.25	0.997729
1.375	0.25	0.998743
1.5	0.25	0.98417
1.625	0.25	0.954236
1.75	0.25	0.90941
1.875	0.25	0.85039
2	0.25	0.778098
2.125	0.25	0.693663
2.25	0.25	0.598401
2.375	0.25	0.4938
2.5	0.25	0.381492
2.625	0.25	0.26323
2.75	0.25	0.140859
2.875	0.25	0.0162884
3	0.25	-0.108537
3.125	0.25	-0.23167
3.25	0.25	-0.351189
3.375	0.25	-0.465228
3.5	0.25	-0.572009
3.625	0.25	-0.669863
3.75	0.25	-0.757265
3.875	0.25	-0.832851
4	0.25	-0.895439
4.125	0.25	-0.944054
4.25	0.25	-0.977935
4.375	0.25	-0.996553
4.5	0.25	-0.999617
4.625	0.25	-0.987076
4.75	0.25	-0.959122
4.875	0.25	-0.916188
5	0.25	-0.858934
0	0.375	0.366273
0.125	0.375	0.479516
0.25	0.375	0.585264
0.375	0.375	0.681867
0.5	0.375	0.76782
0.625	0.375	0.841782
0.75	0.375	0.9026
0.875	0.375	0.949325
1	0.375	0.981231
1.125	0.375	0.997818
1.25	0.375	0.99883
1.375	0.375	0.984251
1.5	0.375	0.954309
1.625	0.375	0.909471
1.75	0.375	0.850437
1.875	0.375	0.77813
2	0.375	0.693677
2.125	0.375	0.598397
2.25	0.375	0.493776
2.375	0.375	0.381449
2.5	0.375	0.263166
2.625	0.375	0.140775
2.75	0.375	0.0161855
2.875	0.375	-0.108658
3	0.375	-0.231808
3.125	0.375	-0.351343
3.25	0.375	-0.465396
3.375	0.375	-0.572187
3.5	0.375	-0.670051
3.625	0.375	-0.75746
3.75	0.375	-0.83305
3.875	0.375	-0.89564
4	0.375	-0.944253
4.125	0.375	-0.978131
4.25	0.375	-0.996743
4.375	0.375	-0.999799
4.5	0.375	-0.987247
4.625	0.375	-0.959283
4.75	0.375	-0.916338
4.875	0.375	-0.859077
5	0.375	-0.788389
0	0.5	0.479426
0.125	0.5	0.585208
0.25	0.5	0.681842
0.375	0.5	0.76782
0.5	0.5	0.841803
0.625	0.5	0.902638
0.75	0.5	0.949377
0.875	0.5	0.981292
1	0.5	0.997885
1.125	0.5	0.998899
1.25	0.5	0.984319
1.375	0.5	0.954372
1.5	0.5	0.909527
1.625	0.5	0.850485
1.75	0.5	0.778166
1.875	0.5	0.6937
2	0.5	0.598405
2.125	0.5	0.493769
2.25	0.5	0.381424
2.375	0.5	0.263124
2.5	0.5	0.140716
2.625	0.5	0.0161087
2.75	0.5	-0.108752
2.875	0.5	-0.231918
3	0.5	-0.351467
3.125	0.5	-0.465534
3.25	0.5	-0.572338
3.375	0.5	-0.670213
3.5	0.5	-0.75763
3.625	0.5	-0.833226
3.75	0.5	-0.895821
3.875	0.5	-0.944437
4	0.5	-0.978315
4.125	0.5	-0.996926
4.25	0.5	-0.999978
4.375	0.5	-0.987423
4.5	0.5	-0.959453
4.625	0.5	-0.916503
4.75	0.5	-0.859241
4.875	0.5	-0.788554
5	0.5	-0.70554
0	0.625	0.585097
0.125	0.625	0.681765
0.25	0.625	0.767774
0.375	0.625	0.841783
0.5	0.625	0.902639
0.625	0.625	0.949395
0.75	0.625	0.981324
0.875	0.625	0.997927
1	0.625	0.998947
1.125	0.625	0.98437
1.25	0.625	0.954424
1.375	0.625	0.909577
1.5	0.625	0.850529
1.625	0.625	0.778202
1.75	0.625	0.693727
1.875	0.625	0.598421
2	0.625	0.493772
2.125	0.625	0.381414
2.25	0.625	0.2631
2.375	0.625	0.140676
2.5	0.625	0.0160537
2.625	0.625	-0.108822
2.75	0.625	-0.232003
2.875	0.625	-0.351567
3	0.625	-0.465647
3.125	0.625	-0.572463
3.25	0.625	-0.670349
3.375	0.625	-0.757776
3.5	0.625	-0.833381
3.625	0.625	-0.895982
3.75	0.625	-0.944603
3.875	0.625	-0.978484
4	0.625	-0.997097
4.125	0.625	-1.00015
4.25	0.625	-0.987593
4.375	0.625	-0.959623
4.5	0.625	-0.916672
4.625	0.625	-0.85941
4.75	0.625	-0.788726
4.875	0.625	-0.70572
5	0.625	-0.611682
0	0.75	0.681639
0.125	0.75	0.767681
0.25	0.75	0.841719
0.375	0.75	0.902601
0.5	0.75	0.949379
0.625	0.75	0.981325
0.75	0.75	0.997942
0.875	0.75	0.998973
1	0.75	0.984403
1.125	0.75	0.954461
1.25	0.75	0.909615
1.375	0.75	0.850566
1.5	0.75	0.778236
1.625	0.75	0.693755
1.75	0.75	0.598441
1.875	0.75	0.493783
2	0.75	0.381414
2.125	0.75	0.263088
2.25	0.75	0.140652
2.375	0.75	0.0160164
2.5	0.75	-0.108873
2.625	0.75	-0.232067
2.75	0.75	-0.351644
2.875	0.75	-0.465737
3	0.75	-0.572565
3.125	0.75	-0.670462
3.25	0.75	-0.757899
3.375	0.75	-0.833513
3.5	0.75	-0.896122
3.625	0.75	-0.944749
3.75	0.75	-0.978636
3.875	0.75	-0.997252
4	0.75	-1.00031
4.125	0.75	-0.987754
4.25	0.75	-0.959785
4.375	0.75	-0.916836
4.5	0.75	-0.859576
4.625	0.75	-0.788897
4.75	0.75	-0.705897
4.875	0.75	-0.61187
5	0.75	-0.508279
0	0.875	0.767544
0.125	0.875	0.841615
0.25	0.875	0.902526
0.375	0.875	0.949328
0.5	0.875	0.981295
0.625	0.875	0.99793
0.75	0.875	0.998975
0.875	0.875	0.984416
1	0.875	0.954481
1.125	0.875	0.90964
1.25	0.875	0.850593
1.375	0.875	0.778263
1.5	0.875	0.69378
1.625	0.875	0.598462
1.75	0.875	0.493797
1.875	0.875	0.381421
2	0.875	0.263086
2.125	0.875	0.140639
2.25	0.875	0.0159932
2.375	0.875	-0.108908
2.5	0.875	-0.232114
2.625	0.875	-0.351702
2.75	0.875	-0.465807
2.875	0.875	-0.572646
3	0.875	-0.670554
3.125	0.875	-0.758001
3.25	0.875	-0.833624
3.375	0.875	-0.896241
3.5	0.875	-0.944876
3.625	0.875	-0.978769
3.75	0.875	-0.997391
3.875	0.875	-1.00045
4	0.875	-0.9879
4.125	0.875	-0.959935
4.25	0.875	-0.916989
4.375	0.875	-0.859733
4.5	0.875	-0.789058
4.625	0.875	-0.706065
4.75	0.875	-0.612048
4.875	0.875	-0.50847
5	0.875	-0.396944
0	1	0.841471
0.125	1	0.902414
0.25	1	0.949244
0.375	1	0.981235
0.5	1	0.99789
0.625	1	0.998953
0.75	1	0.984407
0.875	1	0.954484
1	1	0.909651
1.125	1	0.85061
1.25	1	0.778283
1.375	1	0.6938
1.5	1	0.59848
1.625	1	0.493813
1.75	1	0.381431
1.875	1	0.26309
2	1	0.140636
2.125	1	0.015981
2.25	1	-0.108929
2.375	1	-0.232145
2.5	1	-0.351744
2.625	1	-0.465859
2.75	1	-0.572709
2.875	1	-0.670627
3	1	-0.758084
3.125	1	-0.833715
3.25	1	-0.896341
3.375	1	-0.944984
3.5	1	-0.978884
3.625	1	-0.997512
3.75	1	-1.00058
3.875	1	-0.988032
4	1	-0.96007
4.125	1	-0.917129
4.25	1	-0.859877
4.375	1	-0.789207
4.5	1	-0.706221
4.625	1	-0.612211
4.75	1	-0.508644
4.875	1	-0.397133
5	1	-0.279415
0	1.125	0.902268
0.125	1.125	0.949129
0.25	1.125	0.981147
0.375	1.125	0.997825
0.5	1.125	0.998907
0.625	1.125	0.984379
0.75	1.125	0.954469
0.875	1.125	0.909647
1	1.125	0.850614
1.125	1.125	0.778292
1.25	1.125	0.693813
1.375	1.125	0.598495
1.5	1.125	0.493827
1.625	1.125	0.381443
1.75	1.125	0.263097
1.875	1.125	0.140638
2	1.125	0.0159771
2.125	1.125	-0.10894
2.25	1.125	-0.232165
2.375	1.125	-0.351772
2.5	1.125	-0.465896
2.625	1.125	-0.572755
2.75	1.125	-0.670682
2.875	1.125	-0.758149
3	1.125	-0.833789
3.125	1.125	-0.896423
3.25	1.125	-0.945074
3.375	1.125	-0.978981
3.5	1.125	-0.997616
3.625	1.125	-1.00069
3.75	1.125	-0.988147
3.875	1.125	-0.960191
4	1.125	-0.917254
4.125	1.125	-0.860007
4.25	1.125	-0.789342
4.375	1.125	-0.706361
4.5	1.125	-0.612358
4.625	1.125	-0.5088
4.75	1.125	-0.3973
4.875	1.125	-0.279597
5	1.125	-0.157526
0	1.25	0.948985
0.125	1.25	0.981031
0.25	1.25	0.997735
0.375	1.25	0.998839
0.5	1.25	0.98433
0.625	1.25	0.954436
0.75	1.25	0.909628
0.875	1.25	0.850605
1	1.25	0.778292
1.125	1.25	0.693819
1.25	1.25	0.598504
1.375	1.25	0.493838
1.5	1.25	0.381454
1.625	1.25	0.263107
1.75	1.25	0.140645
1.875	1.25	0.0159793
2	1.25	-0.108944
2.125	1.25	-0.232174
2.25	1.25	-0.351789
2.375	1.25	-0.465921
2.5	1.25	-0.572788
2.625	1.25	-0.670723
2.75	1.25	-0.758198
2.875	1.25	-0.833846
3	1.25	-0.896488
3.125	1.25	-0.945146
3.25	1.25	-0.979061
3.375	1.25	-0.997702
3.5	1.25	-1.00078
3.625	1.25	-0.988246
3.75	1.25	-0.960295
3.875	1.25	-0.917363
4	1.25	-0.860121
4.125	1.25	-0.789461
4.25	1.25	-0.706485
4.375	1.25	-0.612489
4.5	1.25	-0.508937
4.625	1.25	-0.397446
4.75	1.25	-0.279754
4.875	1.25	-0.157697
5	1.25	-0.0331792
0	1.375	0.980893
0.125	1.375	0.997624
0.25	1.375	0.998752
0.375	1.375	0.984263
0.5	1.375	0.954388
0.625	1.375	0.909594
0.75	1.375	0.850584
0.875	1.375	0.778282
1	1.375	0.693816
1.125	1.375	0.598508
1.25	1.375	0.493845
1.375	1.375	0.381463
1.5	1.375	0.263117
1.625	1.375	0.140654
1.75	1.375	0.0159859
1.875	1.375	-0.108941
2	1.375	-0.232176
2.125	1.375	-0.351796
2.25	1.375	-0.465934
2.375	1.375	-0.572808
2.5	1.375	-0.670751
2.625	1.375	-0.758233
2.75	1.375	-0.833889
2.875	1.375	-0.896538
3	1.375	-0.945204
3.125	1.375	-0.979125
3.25	1.375	-0.997773
3.375	1.375	-1.00086
3.5	1.375	-0.988329
3.625	1.375	-0.960383
3.75	1.375	-0.917457
3.875	1.375	-0.860219
4	1.375	-0.789564
4.125	1.375	-0.706593
4.25	1.375	-0.612602
4.375	1.375	-0.509056
4.5	1.375	-0.397571
4.625	1.375	-0.279888
4.75	1.375	-0.157841
4.875	1.375	-0.0333358
5	1.375	0.0916857
0	1.5	0.997495
0.125	1.5	0.998648
0.25	1.5	0.984181
0.375	1.5	0.954325
0.5	1.5	0.909548
0.625	1.5	0.850553
0.75	1.5	0.778262
0.875	1.5	0.693806
1	1.5	0.598505
1.125	1.5	0.493849
1.25	1.5	0.381471
1.375	1.5	0.263127
1.5	1.5	0.140664
1.625	1.5	0.0159957
1.75	1.5	-0.108933
1.875	1.5	-0.232171
2	1.5	-0.351795
2.125	1.5	-0.465938
2.25	1.5	-0.572818
2.375	1.5	-0.670766
2.5	1.5	-0.758255
2.625	1.5	-0.833918
2.75	1.5	-0.896574
2.875	1.5	-0.945246
3	1.5	-0.979174
3.125	1.5	-0.997829
3.25	1.5	-1.00092
3.375	1.5	-0.988396
3.5	1.5	-0.960456
3.625	1.5	-0.917535
3.75	1.5	-0.860302
3.875	1.5	-0.789651
4	1.5	-0.706685
4.125	1.5	-0.612698
4.25	1.5	-0.509157
4.375	1.5	-0.397678
4.5	1.5	-0.28
4.625	1.5	-0.157961
4.75	1.5	-0.0334646
4.875	1.5	0.0915461
5	1.5	0.21512
0	1.625	0.998531
0.125	1.625	0.984087
0.25	1.625	0.954251
0.375	1.625	0.909492
0.5	1.625	0.850512
0.625	1.625	0.778234
0.75	1.625	0.693789
0.875	1.625	0.598498
1	1.625	0.493848
1.125	1.625	0.381476
1.25	1.625	0.263136
1.375	1.625	0.140676
1.5	1.625	0.0160079
1.625	1.625	-0.108921
1.75	1.625	-0.232161
1.875	1.625	-0.351788
2	1.625	-0.465934
2.125	1.625	-0.572818
2.25	1.625	-0.670772
2.375	1.625	-0.758266
2.5	1.625	-0.833935
2.625	1.625	-0.896597
2.75	1.625	-0.945276
2.875	1.625	-0.97921
3	1.625	-0.997871
3.125	1.625	-1.00097
3.25	1.625	-0.98845
3.375	1.625	-0.960515
3.5	1.625	-0.917599
3.625	1.625	-0.860371
3.75	1.625	-0.789724
3.875	1.625	-0.706762
4	1.625	-0.612779
4.125	1.625	-0.509242
4.25	1.625	-0.397767
4.375	1.625	-0.280094
4.5	1.625	-0.15806
4.625	1.625	-0.033569
4.75	1.625	0.0914346
4.875	1.625	0.215
5	1.625	0.335197
0	1.75	0.983986
0.125	1.75	0.95417
0.25	1.75	0.909428
0.375	1.75	0.850464
0.5	1.75	0.7782
0.625	1.75	0.693767
0.75	1.75	0.598486
0.875	1.75	0.493845
1	1.75	0.381479
1.125	1.75	0.263144
1.25	1.75	0.140688
1.375	1.75	0.0160223
1.5	1.75	-0.108906
1.625	1.75	-0.232146
1.75	1.75	-0.351774
1.875	1.75	-0.465923
2	1.75	-0.57281
2.125	1.75	-0.670768
2.25	1.75	-0.758266
2.375	1.75	-0.83394
2.5	1.75	-0.896608
2.625	1.75	-0.945293
2.75	1.75	-0.979233
2.875	1.75	-0.997899
3	1.75	-1.001
3.125	1.75	-0.98849
3.25	1.75	-0.96056
3.375	1.75	-0.917649
3.5	1.75	-0.860426
3.625	1.75	-0.789784
3.75	1.75	-0.706825
3.875	1.75	-0.612846
4	1.75	-0.509312
4.125	1.75	-0.39784
4.25	1.75	-0.28017
4.375	1.75	-0.158139
4.5	1.75	-0.0336523
4.625	1.75	0.091347
4.75	1.75	0.214907
4.875	1.75	0.335098
5	1.75	0.450044
0	1.875	0.954086
0.125	1.875	0.909362
0.25	1.875	0.850413
0.375	1.875	0.778163
0.5	1.875	0.693742
0.625	1.875	0.598472
0.75	1.875	0.49384
0.875	1.875	0.381482
1	1.875	0.263153
1.125	1.875	0.140701
1.25	1.875	0.0160389
1.375	1.875	-0.108887
1.5	1.875	-0.232126
1.625	1.875	-0.351755
1.75	1.875	-0.465905
1.875	1.875	-0.572794
2	1.875	-0.670755
2.125	1.875	-0.758257
2.25	1.875	-0.833936
2.375	1.875	-0.896609
2.5	1.875	-0.945298
2.625	1.875	-0.979243
2.75	1.875	-0.997916
2.875	1.875	-1.00102
3	1.875	-0.988517
3.125	1.875	-0.960593
3.25	1.875	-0.917687
3.375	1.875	-0.860468
3.5	1.875	-0.78983
3.625	1.875	-0.706875
3.75	1.875	-0.612899
3.875	1.875	-0.509368
4	1.875	-0.397899
4.125	1.875	-0.280231
4.25	1.875	-0.158203
4.375	1.875	-0.0337177
4.5	1.875	0.0912794
4.625	1.875	0.214837
4.75	1.875	0.335026
4.875	1.875	0.449968
5	1.875	0.557868
0	2	0.909297
0.125	2	0.850363
0.25	2	0.778126
0.375	2	0.693718
0.5	2	0.598458
0.625	2	0.493835
0.75	2	0.381485
0.875	2	0.263163
1	2	0.140716
1.125	2	0.0160584
1.25	2	-0.108865
1.375	2	-0.232102
1.5	2	-0.35173
1.625	2	-0.46588
1.75	2	-0.572771
1.875	2	-0.670734
2	2	-0.758239
2.125	2	-0.833921
2.25	2	-0.896598
2.375	2	-0.945292
2.5	2	-0.979243
2.625	2	-0.99792
2.75	2	-1.00103
2.875	2	-0.988532
3	2	-0.960613
3.125	2	-0.917712
3.25	2	-0.860498
3.375	2	-0.789864
3.5	2	-0.706913
3.625	2	-0.612941
3.75	2	-0.509412
3.875	2	-0.397946
4	2	-0.28028
4.125	2	-0.158252
4.25	2	-0.0337684
4.375	2	0.0912282
4.5	2	0.214785
4.625	2	0.334974
4.75	2	0.449916
4.875	2	0.557815
5	2	0.656987
0	2.125	0.85032
0.125	2.125	0.778095
0.25	2.125	0.693697
0.375	2.125	0.598447
0.5	2.125	0.493833
0.625	2.125	0.381491
0.75	2.125	0.263175
0.875	2.125	0.140735
1	2.125	0.0160816
1.125	2.125	-0.108838
1.25	2.125	-0.232073
1.375	2.125	-0.351699
1.5	2.125	-0.465849
1.625	2.125	-0.57274
1.75	2.125	-0.670704
1.875	2.125	-0.758211
2	2.125	-0.833896
2.125	2.125	-0.896577
2.25	2.125	-0.945275
2.375	2.125	-0.97923
2.5	2.125	-0.997913
2.625	2.125	-1.00103
2.75	2.125	-0.988535
2.875	2.125	-0.960622
3	2.125	-0.917725
3.125	2.125	-0.860516
3.25	2.125	-0.789887
3.375	2.125	-0.70694
3.5	2.125	-0.612971
3.625	2.125	-0.509446
3.75	2.125	-0.397981
3.875	2.125	-0.280317
4	2.125	-0.158291
4.125	2.125	-0.033807
4.25	2.125	0.0911899
4.375	2.125	0.214748
4.5	2.125	0.334938
4.625	2.125	0.449882
4.75	2.125	0.557784
4.875	2.125	0.656958
5	2.125	0.745853
0	2.25	0.778073
0.125	2.25	0.693684
0.25	2.25	0.598442
0.375	2.25	0.493837
0.5	2.25	0.381502
0.625	2.25	0.263193
0.75	2.25	0.140758
0.875	2.25	0.0161098
1	2.25	-0.108806
1.125	2.25	-0.232037
1.25	2.25	-0.351661
1.375	2.25	-0.46581
1.5	2.25	-0.572701
1.625	2.25	-0.670666
1.75	2.25	-0.758175
1.875	2.25	-0.833862
2	2.25	-0.896546
2.125	2.25	-0.945247
2.25	2.25	-0.979207
2.375	2.25	-0.997894
2.5	2.25	-1.00102
2.625	2.25	-0.988527
2.75	2.25	-0.960618
2.875	2.25	-0.917727
3	2.25	-0.860523
3.125	2.25	-0.789899
3.25	2.25	-0.706956
3.375	2.25	-0.612991
3.5	2.25	-0.509469
3.625	2.25	-0.398007
3.75	2.25	-0.280345
3.875	2.25	-0.158319
4	2.25	-0.0338358
4.125	2.25	0.0911619
4.25	2.25	0.214722
4.375	2.25	0.334914
4.5	2.25	0.449861
4.625	2.25	0.557768
4.75	2.25	0.656947
4.875	2.25	0.745848
5	2.25	0.823081
0	2.375	0.693685
0.125	2.375	0.598449
0.25	2.375	0.493849
0.375	2.375	0.381521
0.5	2.375	0.263217
0.625	2.375	0.140788
0.75	2.375	0.0161444
0.875	2.375	-0.108767
1	2.375	-0.231995
1.125	2.375	-0.351617
1.25	2.375	-0.465763
1.375	2.375	-0.572654
1.5	2.375	-0.670618
1.625	2.375	-0.758128
1.75	2.375	-0.833817
1.875	2.375	-0.896503
2	2.375	-0.945208
2.125	2.375	-0.979172
2.25	2.375	-0.997863
2.375	2.375	-1.00099
2.5	2.375	-0.988506
2.625	2.375	-0.960603
2.75	2.375	-0.917717
2.875	2.375	-0.860519
3	2.375	-0.789899
3.125	2.375	-0.706962
3.25	2.375	-0.613001
3.375	2.375	-0.509483
3.5	2.375	-0.398024
3.625	2.375	-0.280364
3.75	2.375	-0.15834
3.875	2.375	-0.0338568
4	2.375	0.0911416
4.125	2.375	0.214703
4.25	2.375	0.334899
4.375	2.375	0.44985
4.5	2.375	0.557762
4.625	2.375	0.656948
4.75	2.375	0.745857
4.875	2.375	0.823099
5	2.375	0.887465
0	2.5	0.598472
0.125	2.5	0.493876
0.25	2.5	0.381551
0.375	2.5	0.263252
0.5	2.5	0.140827
0.625	2.5	0.0161872
0.75	2.5	-0.10872
0.875	2.5	-0.231945
1	2.5	-0.351564
1.125	2.5	-0.465708
1.25	2.5	-0.572597
1.375	2.5	-0.670562
1.5	2.5	-0.758072
1.625	2.5	-0.833762
1.75	2.5	-0.89645
1.875	2.5	-0.945158
2	2.5	-0.979125
2.125	2.5	-0.99782
2.25	2.5	-1.00095
2.375	2.5	-0.988473
2.5	2.5	-0.960575
2.625	2.5	-0.917695
2.75	2.5	-0.860502
2.875	2.5	-0.789889
3	2.5	-0.706957
3.125	2.5	-0.613001
3.25	2.5	-0.509487
3.375	2.5	-0.398032
3.5	2.5	-0.280375
3.625	2.5	-0.158353
3.75	2.5	-0.0338712
3.875	2.5	0.0911273
4	2.5	0.21469
4.125	2.5	0.334889
4.25	2.5	0.449844
4.375	2.5	0.557762
4.5	2.5	0.656955
4.625	2.5	0.745874
4.75	2.5	0.823126
4.875	2.5	0.887505
5	2.5	0.938
0	2.625	0.49392
0.125	2.625	0.381596
0.25	2.625	0.263299
0.375	2.625	0.140877
0.5	2.625	0.0162402
0.625	2.625	-0.108664
0.75	2.625	-0.231886
0.875	2.625	-0.351502
1	2.625	-0.465644
1.125	2.625	-0.572531
1.25	2.625	-0.670495
1.375	2.625	-0.758004
1.5	2.625	-0.833695
1.625	2.625	-0.896385
1.75	2.625	-0.945095
1.875	2.625	-0.979065
2	2.625	-0.997764
2.125	2.625	-1.0009
2.25	2.625	-0.988426
2.375	2.625	-0.960534
2.5	2.625	-0.91766
2.625	2.625	-0.860474
2.75	2.625	-0.789866
2.875	2.625	-0.70694
3	2.625	-0.61299
3.125	2.625	-0.509482
3.25	2.625	-0.398032
3.375	2.625	-0.280379
3.5	2.625	-0.15836
3.625	2.625	-0.0338798
3.75	2.625	0.0911178
3.875	2.625	0.214682
4	2.625	0.334882
4.125	2.625	0.449841
4.25	2.625	0.557764
4.375	2.625	0.656965
4.5	2.625	0.745893
4.625	2.625	0.823157
4.75	2.625	0.887549
4.875	2.625	0.93806
5	2.625	0.973898
0	2.75	0.381661
0.125	2.75	0.263363
0.25	2.75	0.14094
0.375	2.75	0.0163052
0.5	2.75	-0.108597
0.625	2.75	-0.231816
0.75	2.75	-0.35143
0.875	2.75	-0.46557
1	2.75	-0.572455
1.125	2.75	-0.670417
1.25	2.75	-0.757926
1.375	2.75	-0.833617
1.5	2.75	-0.896307
1.625	2.75	-0.945019
1.75	2.75	-0.978992
1.875	2.75	-0.997695
2	2.75	-1.00084
2.125	2.75	-0.988366
2.25	2.75	-0.96048
2.375	2.75	-0.917612
2.5	2.75	-0.860431
2.625	2.75	-0.789831
2.75	2.75	-0.706911
2.875	2.75	-0.612968
3	2.75	-0.509466
3.125	2.75	-0.398022
3.25	2.75	-0.280374
3.375	2.75	-0.158359
3.5	2.75	-0.0338828
3.625	2.75	0.0911127
3.75	2.75	0.214676
3.875	2.75	0.334877
4	2.75	0.449839
4.125	2.75	0.557767
4.25	2.75	0.656974
4.375	2.75	0.74591
4.5	2.75	0.823186
4.625	2.75	0.887591
4.75	2.75	0.938119
4.875	2.75	0.973976
5	2.75	0.994599
0	2.875	0.263446
0.125	2.875	0.141021
0.25	2.875	0.0163843
0.375	2.875	-0.108518
0.5	2.875	-0.231736
0.625	2.875	-0.351347
0.75	2.875	-0.465485
0.875	2.875	-0.572368
1	2.875	-0.670328
1.125	2.875	-0.757836
1.25	2.875	-0.833526
1.375	2.875	-0.896217
1.5	2.875	-0.94493
1.625	2.875	-0.978904
1.75	2.875	-0.99761
1.875	2.875	-1.00076
2	2.875	-0.98829
2.125	2.875	-0.96041
2.25	2.875	-0.917548
2.375	2.875	-0.860374
2.5	2.875	-0.789781
2.625	2.875	-0.706869
2.75	2.875	-0.612933
2.875	2.875	-0.509438
3	2.875	-0.398001
3.125	2.875	-0.28036
3.25	2.875	-0.158351
3.375	2.875	-0.0338796
3.5	2.875	0.0911121
3.625	2.875	0.214673
3.75	2.875	0.334873
3.875	2.875	0.449836
4	2.875	0.557767
4.125	2.875	0.656979
4.25	2.875	0.745923
4.375	2.875	0.823208
4.5	2.875	0.887627
4.625	2.875	0.93817
4.75	2.875	0.974046
4.875	2.875	0.994692
5	2.875	0.999779
0	3	0.14112
0.125	3	0.0164793
0.25	3	-0.108425
0.375	3	-0.231643
0.5	3	-0.351253
0.625	3	-0.465389
0.75	3	-0.57227
0.875	3	-0.670228
1	3	-0.757734
1.125	3	-0.833423
1.25	3	-0.896113
1.375	3	-0.944826
1.5	3	-0.978802
1.625	3	-0.997511
1.75	3	-1.00066
1.875	3	-0.988198
2	3	-0.960323
2.125	3	-0.917468
2.25	3	-0.860301
2.375	3	-0.789715
2.5	3	-0.706811
2.625	3	-0.612883
2.75	3	-0.509397
2.875	3	-0.397968
3	3	-0.280335
3.125	3	-0.158334
3.25	3	-0.0338691
3.375	3	0.0911169
3.5	3	0.214673
3.625	3	0.33487
3.75	3	0.449832
3.875	3	0.557764
4	3	0.656979
4.125	3	0.745929
4.25	3	0.823223
4.375	3	0.887652
4.5	3	0.93821
4.625	3	0.974104
4.75	3	0.994771
4.875	3	0.999884
5	3	0.989358
0	3.125	0.0165919
0.125	3.125	-0.108317
0.25	3.125	-0.231538
0.375	3.125	-0.351149
0.5	3.125	-0.465283
0.625	3.125	-0.572162
0.75	3.125	-0.670117
0.875	3.125	-0.757621
1	3.125	-0.833307
1.125	3.125	-0.895996
1.25	3.125	-0.944709
1.375	3.125	-0.978685
1.5	3.125	-0.997395
1.625	3.125	-1.00055
1.75	3.125	-0.988089
1.875	3.125	-0.960219
2	3.125	-0.917369
2.125	3.125	-0.860209
2.25	3.125	-0.789631
2.375	3.125	-0.706736
2.5	3.125	-0.612817
2.625	3.125	-0.509341
2.75	3.125	-0.397922
2.875	3.125	-0.280298
3	3.125	-0.158306
3.125	3.125	-0.0338495
3.25	3.125	0.0911288
3.375	3.125	0.214678
3.5	3.125	0.33487
3.625	3.125	0.449829
3.75	3.125	0.557758
3.875	3.125	0.656974
4	3.125	0.745927
4.125	3.125	0.823227
4.25	3.125	0.887665
4.375	3.125	0.938235
4.5	3.125	0.974145
4.625	3.125	0.994831
4.75	3.125	0.999968
4.875	3.125	0.98947
5	3.125	0.963499
0	3.25	-0.108195
0.125	3.25	-0.231421
0.25	3.25	-0.351034
0.375	3.25	-0.465168
0.5	3.25	-0.572044
0.625	3.25	-0.669997
0.75	3.25	-0.757497
0.875	3.25	-0.83318
1	3.25	-0.895866
1.125	3.25	-0.944577
1.25	3.25	-0.978553
1.375	3.25	-0.997263
1.5	3.25	-1.00042
1.625	3.25	-0.987961
1.75	3.25	-0.960095
1.875	3.25	-0.917251
2	3.25	-0.860098
2.125	3.25	-0.789528
2.25	3.25	-0.706642
2.375	3.25	-0.612733
2.5	3.25	-0.509267
2.625	3.25	-0.397858
2.75	3.25	-0.280245
2.875	3.25	-0.158264
3	3.25	-0.0338182
3.125	3.25	0.0911501
3.25	3.25	0.21469
3.375	3.25	0.334875
3.5	3.25	0.449826
3.625	3.25	0.557752
3.75	3.25	0.656965
3.875	3.25	0.745917
4	3.25	0.82322
4.125	3.25	0.887664
4.25	3.25	0.938243
4.375	3.25	0.974166
4.5	3.25	0.994869
4.625	3.25	1.00003
4.75	3.25	0.989555
4.875	3.25	0.963614
5	3.25	0.922604
0	3.375	-0.231294
0.125	3.375	-0.350911
0.25	3.375	-0.465046
0.375	3.375	-0.57192
0.5	3.375	-0.669869
0.625	3.375	-0.757364
0.75	3.375	-0.833043
0.875	3.375	-0.895725
1	3.375	-0.944432
1.125	3.375	-0.978405
1.25	3.375	-0.997114
1.375	3.375	-1.00027
1.5	3.375	-0.987814
1.625	3.375	-0.959951
1.75	3.375	-0.917112
1.875	3.375	-0.859965
2	3.375	-0.789403
2.125	3.375	-0.706525
2.25	3.375	-0.612627
2.375	3.375	-0.509171
2.5	3.375	-0.397775
2.625	3.375	-0.280174
2.75	3.375	-0.158206
2.875	3.375	-0.0337723
3	3.375	0.0911838
3.125	3.375	0.214713
3.25	3.375	0.334886
3.375	3.375	0.449828
3.5	3.375	0.557745
3.625	3.375	0.656953
3.75	3.375	0.745901
3.875	3.375	0.823203
4	3.375	0.887649
4.125	3.375	0.938233
4.25	3.375	0.974165
4.375	3.375	0.994881
4.5	3.375	1.00006
4.625	3.375	0.989608
4.75	3.375	0.963695
4.875	3.375	0.922718
5	3.375	0.867313
0	3.5	-0.350783
0.125	3.5	-0.46492
0.25	3.5	-0.571793
0.375	3.5	-0.669737
0.5	3.5	-0.757227
0.625	3.5	-0.832899
0.75	3.5	-0.895574
0.875	3.5	-0.944276
1	3.5	-0.978244
1.125	3.5	-0.996949
1.25	3.5	-1.0001
1.375	3.5	-0.987648
1.5	3.5	-0.959787
1.625	3.5	-0.916951
1.75	3.5	-0.859809
1.875	3.5	-0.789254
2	3.5	-0.706385
2.125	3.5	-0.612496
2.25	3.5	-0.509053
2.375	3.5	-0.397668
2.5	3.5	-0.280081
2.625	3.5	-0.158127
2.75	3.5	-0.0337081
2.875	3.5	0.0912335
3	3.5	0.214748
3.125	3.5	0.334908
3.25	3.5	0.449837
3.375	3.5	0.557743
3.5	3.5	0.656941
3.625	3.5	0.745882
3.75	3.5	0.823178
3.875	3.5	0.887622
4	3.5	0.938207
4.125	3.5	0.974143
4.25	3.5	0.994868
4.375	3.5	1.00006
4.5	3.5	0.989626
4.625	3.5	0.963737
4.75	3.5	0.92279
4.875	3.5	0.86742
5	3.5	0.798487
0	3.625	-0.464799
0.125	3.625	-0.57167
0.25	3.625	-0.669608
0.375	3.625	-0.757089
0.5	3.625	-0.832752
0.625	3.625	-0.895418
0.75	3.625	-0.944111
0.875	3.625	-0.978071
1	3.625	-0.996771
1.125	3.625	-0.999917
1.25	3.625	-0.987463
1.375	3.625	-0.959601
1.5	3.625	-0.916767
1.625	3.625	-0.859629
1.75	3.625	-0.789079
1.875	3.625	-0.706218
2	3.625	-0.612339
2.125	3.625	-0.508907
2.25	3.625	-0.397536
2.375	3.625	-0.279963
2.5	3.625	-0.158024
2.625	3.625	-0.0336214
2.75	3.625	0.0913036
2.875	3.625	0.214801
3	3.625	0.334944
3.125	3.625	0.449858
3.25	3.625	0.557749
3.375	3.625	0.656933
3.5	3.625	0.745862
3.625	3.625	0.823148
3.75	3.625	0.887585
3.875	3.625	0.938166
4	3.625	0.974101
4.125	3.625	0.994829
4.25	3.625	1.00003
4.375	3.625	0.989608
4.5	3.625	0.963737
4.625	3.625	0.922814
4.75	3.625	0.867475
4.875	3.625	0.798581
5	3.625	0.717201
0	3.75	-0.571561
0.125	3.75	-0.669491
0.25	3.75	-0.75696
0.375	3.75	-0.83261
0.5	3.75	-0.895262
0.625	3.75	-0.943942
0.75	3.75	-0.977891
0.875	3.75	-0.996581
1	3.75	-0.99972
1.125	3.75	-0.987259
1.25	3.75	-0.959394
1.375	3.75	-0.916559
1.5	3.75	-0.859423
1.625	3.75	-0.788877
1.75	3.75	-0.706023
1.875	3.75	-0.612153
2	3.75	-0.508732
2.125	3.75	-0.397373
2.25	3.75	-0.279815
2.375	3.75	-0.157893
2.5	3.75	-0.0335077
2.625	3.75	0.0913988
2.75	3.75	0.214877
2.875	3.75	0.335001
3	3.75	0.449896
3.125	3.75	0.557768
3.25	3.75	0.656934
3.375	3.75	0.745847
3.5	3.75	0.823118
3.625	3.75	0.887543
3.75	3.75	0.938114
3.875	3.75	0.974043
4	3.75	0.994769
4.125	3.75	0.999966
4.25	3.75	0.989554
4.375	3.75	0.963695
4.5	3.75	0.922789
4.625	3.75	0.867475
4.75	3.75	0.798613
4.875	3.75	0.717274
5	3.75	0.624724
0	3.875	-0.669405
0.125	3.875	-0.756855
0.25	3.875	-0.832483
0.375	3.875	-0.895115
0.5	3.875	-0.943776
0.625	3.875	-0.977708
0.75	3.875	-0.996383
0.875	3.875	-0.99951
1	3.875	-0.98704
1.125	3.875	-0.959168
1.25	3.875	-0.916329
1.375	3.875	-0.859191
1.5	3.875	-0.788647
1.625	3.875	-0.705797
1.75	3.875	-0.611934
1.875	3.875	-0.508523
2	3.875	-0.397177
2.125	3.875	-0.279634
2.25	3.875	-0.157728
2.375	3.875	-0.033362
2.5	3.875	0.0915243
2.625	3.875	0.214982
2.75	3.875	0.335083
2.875	3.875	0.449955
3	3.875	0.557805
3.125	3.875	0.65695
3.25	3.875	0.745841
3.375	3.875	0.823094
3.5	3.875	0.8875
3.625	3.875	0.938057
3.75	3.875	0.973973
3.875	3.875	0.99469
4	3.875	0.999882
4.125	3.875	0.98947
4.25	3.875	0.963614
4.375	3.875	0.922718
4.5	3.875	0.86742
4.625	3.875	0.798581
4.75	3.875	0.717274
4.875	3.875	0.624767
5	3.875	0.522498
0	4	-0.756802
0.125	4	-0.832391
0.25	4	-0.894989
0.375	4	-0.943622
0.5	4	-0.97753
0.625	4	-0.996184
0.75	4	-0.999293
0.875	4	-0.986808
1	4	-0.958924
1.125	4	-0.916077
1.25	4	-0.858934
1.375	4	-0.788389
1.5	4	-0.70554
1.625	4	-0.611682
1.75	4	-0.508279
1.875	4	-0.396944
2	4	-0.279415
2.125	4	-0.157526
2.25	4	-0.0331792
2.375	4	0.0916857
2.5	4	0.21512
2.625	4	0.335197
2.75	4	0.450044
2.875	4	0.557868
3	4	0.656987
3.125	4	0.745853
3.25	4	0.823081
3.375	4	0.887465
3.5	4	0.938
3.625	4	0.973898
3.75	4	0.994599
3.875	4	0.999779
4	4	0.989358
4.125	4	0.963499
4.25	4	0.922604
4.375	4	0.867313
4.5	4	0.798487
4.625	4	0.717201
4.75	4	0.624724
4.875	4	0.522498
5	4	0.412118
